-- --------------------------------------------------------
-- Host:                         127.0.0.1
-- Server version:               8.0.33 - MySQL Community Server - GPL
-- Server OS:                    Win64
-- HeidiSQL Version:             12.5.0.6677
-- --------------------------------------------------------

/*!40101 SET @OLD_CHARACTER_SET_CLIENT=@@CHARACTER_SET_CLIENT */;
/*!40101 SET NAMES utf8 */;
/*!50503 SET NAMES utf8mb4 */;
/*!40103 SET @OLD_TIME_ZONE=@@TIME_ZONE */;
/*!40103 SET TIME_ZONE='+00:00' */;
/*!40014 SET @OLD_FOREIGN_KEY_CHECKS=@@FOREIGN_KEY_CHECKS, FOREIGN_KEY_CHECKS=0 */;
/*!40101 SET @OLD_SQL_MODE=@@SQL_MODE, SQL_MODE='NO_AUTO_VALUE_ON_ZERO' */;
/*!40111 SET @OLD_SQL_NOTES=@@SQL_NOTES, SQL_NOTES=0 */;

-- Dumping data for table amazont1.lk.admin: ~0 rows (approximately)

-- Dumping data for table amazont1.lk.advetice: ~0 rows (approximately)

-- Dumping data for table amazont1.lk.brand: ~50 rows (approximately)
INSERT INTO `brand` (`id`, `brand`) VALUES
	(1, 'Apple'),
	(2, 'Samsung'),
	(3, 'Sony'),
	(4, 'Microsoft'),
	(5, 'Dell'),
	(6, 'HP'),
	(7, 'Lenovo'),
	(8, 'Asus'),
	(9, 'Acer'),
	(10, 'Huawei'),
	(11, 'Google'),
	(12, 'LG'),
	(13, 'Nokia'),
	(14, 'OnePlus'),
	(15, 'Oppo'),
	(16, 'Vivo'),
	(17, 'Xiaomi'),
	(18, 'Realme'),
	(19, 'ZTE'),
	(20, 'Toshiba'),
	(21, 'Panasonic'),
	(22, 'Sharp'),
	(23, 'Razer'),
	(24, 'Alienware'),
	(25, 'MSI'),
	(26, 'Gigabyte'),
	(27, 'Corsair'),
	(28, 'EVGA'),
	(29, 'Palit'),
	(30, 'PNY'),
	(31, 'Sapphire'),
	(32, 'XFX'),
	(33, 'AMD'),
	(34, 'Intel'),
	(35, 'Nvidia'),
	(36, 'Qualcomm'),
	(37, 'Mediatek'),
	(38, 'Broadcom'),
	(39, 'Texas Instruments'),
	(40, 'Micron'),
	(41, 'SK Hynix'),
	(42, 'Western Digital'),
	(43, 'Seagate'),
	(44, 'Kingston'),
	(45, 'SanDisk'),
	(46, 'Crucial'),
	(47, 'HyperX'),
	(48, 'Logitech'),
	(49, 'SteelSeries'),
	(50, 'Roccat');

-- Dumping data for table amazont1.lk.cart: ~0 rows (approximately)

-- Dumping data for table amazont1.lk.category: ~6 rows (approximately)
INSERT INTO `category` (`id`, `category`) VALUES
	(1, 'computer parts'),
	(2, 'gaming'),
	(3, 'laptops'),
	(4, 'phones'),
	(5, 'tablets'),
	(6, 'AR/VR');

-- Dumping data for table amazont1.lk.category_has_brand: ~57 rows (approximately)
INSERT INTO `category_has_brand` (`category_id`, `brand_id`) VALUES
	(1, 11),
	(1, 12),
	(1, 13),
	(1, 14),
	(1, 15),
	(1, 16),
	(1, 17),
	(1, 18),
	(2, 11),
	(2, 19),
	(2, 20),
	(2, 21),
	(2, 22),
	(2, 23),
	(2, 24),
	(2, 25),
	(3, 11),
	(3, 12),
	(3, 14),
	(3, 16),
	(3, 18),
	(4, 26),
	(4, 27),
	(4, 28),
	(4, 29),
	(4, 30),
	(4, 31),
	(4, 32),
	(4, 33),
	(4, 34),
	(4, 35),
	(4, 36),
	(4, 37),
	(4, 38),
	(4, 39),
	(4, 40),
	(4, 41),
	(4, 42),
	(4, 43),
	(4, 44),
	(4, 45),
	(5, 22),
	(5, 23),
	(5, 24),
	(5, 25),
	(5, 46),
	(5, 47),
	(5, 48),
	(5, 49),
	(6, 22),
	(6, 23),
	(6, 24),
	(6, 25),
	(6, 46),
	(6, 47),
	(6, 48),
	(6, 49);

-- Dumping data for table amazont1.lk.city: ~50 rows (approximately)
INSERT INTO `city` (`id`, `city`, `district_id`) VALUES
	(1, 'Akkaraipattu', 16),
	(2, 'Ampara', 16),
	(3, 'Anuradhapura', 20),
	(4, 'Badulla', 22),
	(5, 'Balangoda', 25),
	(6, 'Bandarawela', 22),
	(7, 'Batticaloa', 15),
	(8, 'Chavakachcheri', 11),
	(9, 'Chilaw', 19),
	(10, 'Colombo', 1),
	(11, 'Dambulla', 20),
	(12, 'Dehiwela-Mount Lavinia', 1),
	(13, 'Embilipitiya', 25),
	(14, 'Eravur', 15),
	(15, 'Galle', 7),
	(16, 'Gampaha', 2),
	(17, 'Gampola', 4),
	(18, 'Hambantota', 9),
	(19, 'Happutalle', 22),
	(20, 'Homagama', 1),
	(21, 'Jaffna', 10),
	(22, 'Kalmunai', 16),
	(23, 'Kalutara', 3),
	(24, 'Kandy', 4),
	(25, 'Kattankudy', 15),
	(26, 'Kegalle', 24),
	(27, 'Kinniya', 17),
	(28, 'Kurunegala', 18),
	(29, 'Kuliyapitiya', 18),
	(30, 'Mahiyanganaya', 22),
	(31, 'Mannar', 12),
	(32, 'Matale', 20),
	(33, 'Matara', 8),
	(34, 'Mawathagama', 18),
	(35, 'Mihintale', 20),
	(36, 'Monaragala', 23),
	(37, 'Mulleriyawa', 1),
	(38, 'Negombo', 2),
	(39, 'Nuwara Eliya', 6),
	(40, 'Padukka', 1),
	(41, 'Puttalam', 19),
	(42, 'Polonnaruwa', 21),
	(43, 'Point Pedro', 11),
	(44, 'Ratnapura', 25),
	(45, 'Sri Jayewardenepura Kotte', 1),
	(46, 'Thambiluvil', 16),
	(47, 'Trincomalee', 17),
	(48, 'Valvettithurai', 11),
	(49, 'Vavuniya', 14),
	(50, 'Vijitapura', 18);

-- Dumping data for table amazont1.lk.color: ~50 rows (approximately)
INSERT INTO `color` (`id`, `color`) VALUES
	(1, 'Red'),
	(2, 'Blue'),
	(3, 'Green'),
	(4, 'Yellow'),
	(5, 'Black'),
	(6, 'White'),
	(7, 'Gray'),
	(8, 'Orange'),
	(9, 'Purple'),
	(10, 'Pink'),
	(11, 'Brown'),
	(12, 'Cyan'),
	(13, 'Magenta'),
	(14, 'Lime'),
	(15, 'Olive'),
	(16, 'Maroon'),
	(17, 'Navy'),
	(18, 'Teal'),
	(19, 'Coral'),
	(20, 'Turquoise'),
	(21, 'Silver'),
	(22, 'Gold'),
	(23, 'Lavender'),
	(24, 'Peach'),
	(25, 'Beige'),
	(26, 'Ivory'),
	(27, 'Mint'),
	(28, 'Aqua'),
	(29, 'Crimson'),
	(30, 'Salmon'),
	(31, 'Fuchsia'),
	(32, 'Plum'),
	(33, 'Indigo'),
	(34, 'Violet'),
	(35, 'Amber'),
	(36, 'Chocolate'),
	(37, 'Mustard'),
	(38, 'Saffron'),
	(39, 'Ruby'),
	(40, 'Emerald'),
	(41, 'Sapphire'),
	(42, 'Topaz'),
	(43, 'Rose'),
	(44, 'Wine'),
	(45, 'Blush'),
	(46, 'Khaki'),
	(47, 'Orchid'),
	(48, 'Slate'),
	(49, 'Taupe'),
	(50, 'Azure');

-- Dumping data for table amazont1.lk.color_has_products: ~0 rows (approximately)

-- Dumping data for table amazont1.lk.condition: ~2 rows (approximately)
INSERT INTO `condition` (`id`, `condition`) VALUES
	(1, 'Branded'),
	(2, 'Used');

-- Dumping data for table amazont1.lk.discount: ~4 rows (approximately)
INSERT INTO `discount` (`id`, `discount`) VALUES
	(1, 'none'),
	(2, '75% off'),
	(3, '50% off'),
	(4, '10% off');

-- Dumping data for table amazont1.lk.district: ~25 rows (approximately)
INSERT INTO `district` (`id`, `district`, `province_id`) VALUES
	(1, 'Colombo', 1),
	(2, 'Gampaha', 1),
	(3, 'Kalutara', 1),
	(4, 'Kandy', 2),
	(5, 'Matale', 2),
	(6, 'Nuwara Eliya', 2),
	(7, 'Galle', 3),
	(8, 'Matara', 3),
	(9, 'Hambantota', 3),
	(10, 'Jaffna', 4),
	(11, 'Kilinochchi', 4),
	(12, 'Mannar', 4),
	(13, 'Mullaitivu', 4),
	(14, 'Vavuniya', 4),
	(15, 'Batticaloa', 5),
	(16, 'Ampara', 5),
	(17, 'Trincomalee', 5),
	(18, 'Kurunegala', 6),
	(19, 'Puttalam', 6),
	(20, 'Anuradhapura', 7),
	(21, 'Polonnaruwa', 7),
	(22, 'Badulla', 8),
	(23, 'Monaragala', 8),
	(24, 'Kegalle', 9),
	(25, 'Rathnapura', 9);

-- Dumping data for table amazont1.lk.gender: ~2 rows (approximately)
INSERT INTO `gender` (`id`, `gender`) VALUES
	(1, 'Male'),
	(2, 'Female');

-- Dumping data for table amazont1.lk.gift_cards: ~1 rows (approximately)
INSERT INTO `gift_cards` (`id`, `price`) VALUES
	(1, 0);

-- Dumping data for table amazont1.lk.model: ~274 rows (approximately)
INSERT INTO `model` (`id`, `model`) VALUES
	(1, 'iPhone 2G'),
	(2, 'iPhone 3G'),
	(3, 'iPhone 3GS'),
	(4, 'iPhone 4'),
	(5, 'iPhone 4S'),
	(6, 'iPhone 5'),
	(7, 'iPhone 5C'),
	(8, 'iPhone 5S'),
	(9, 'iPhone 6'),
	(10, 'iPhone 6 Plus'),
	(11, 'iPhone 6S'),
	(12, 'iPhone 6S Plus'),
	(13, 'iPhone SE'),
	(14, 'iPhone 7'),
	(15, 'iPhone 7 Plus'),
	(16, 'iPhone 8'),
	(17, 'iPhone 8 Plus'),
	(18, 'iPhone X'),
	(19, 'iPhone XR'),
	(20, 'iPhone XS'),
	(21, 'iPhone XS Max'),
	(22, 'iPhone 11'),
	(23, 'iPhone 11 Pro'),
	(24, 'iPhone 11 Pro Max'),
	(25, 'iPhone SE (2020)'),
	(26, 'iPhone 12'),
	(27, 'iPhone 12 Mini'),
	(28, 'iPhone 12 Pro'),
	(29, 'iPhone 12 Pro Max'),
	(30, 'iPhone 13'),
	(31, 'iPhone 13 Mini'),
	(32, 'iPhone 13 Pro'),
	(33, 'iPhone 13 Pro Max'),
	(34, 'iPhone 14'),
	(35, 'iPhone 14 Plus'),
	(36, 'iPhone 14 Pro'),
	(37, 'iPhone 14 Pro Max'),
	(38, 'MacBook'),
	(39, 'MacBook Air'),
	(40, 'MacBook Air M1'),
	(41, 'MacBook Pro 13-inch'),
	(42, 'MacBook Pro 15-inch'),
	(43, 'MacBook Pro 16-inch'),
	(44, 'MacBook Pro M1'),
	(45, 'iPad'),
	(46, 'iPad 2'),
	(47, 'iPad 3'),
	(48, 'iPad 4'),
	(49, 'iPad Air'),
	(50, 'iPad Air 2'),
	(51, 'iPad Air 3'),
	(52, 'iPad Air 4'),
	(53, 'iPad Mini'),
	(54, 'iPad Mini 2'),
	(55, 'iPad Mini 3'),
	(56, 'iPad Mini 4'),
	(57, 'iPad Mini 5'),
	(58, 'iPad Pro 9.7-inch'),
	(59, 'iPad Pro 10.5-inch'),
	(60, 'iPad Pro 11-inch'),
	(61, 'iPad Pro 12.9-inch'),
	(62, 'Magic Keyboard'),
	(63, 'Magic Mouse'),
	(64, 'Magic Trackpad'),
	(65, 'Apple SuperDrive'),
	(66, 'Thunderbolt Display'),
	(67, 'Pro Display XDR'),
	(68, 'AirPort Extreme'),
	(69, 'AirPort Time Capsule'),
	(70, 'AirPort Express'),
	(71, 'Lightning to USB Cable'),
	(72, 'Thunderbolt 3 (USB-C) Cable'),
	(73, 'USB-C to Lightning Cable'),
	(74, '30W USB-C Power Adapter'),
	(75, '61W USB-C Power Adapter'),
	(76, '96W USB-C Power Adapter'),
	(77, 'Mac Pro Wheels Kit'),
	(78, 'Mac Pro Rack Mount Kit'),
	(79, 'Vision pro'),
	(80, 'Galaxy S21'),
	(81, 'Galaxy S21+'),
	(82, 'Galaxy S21 Ultra'),
	(83, 'Galaxy S20'),
	(84, 'Galaxy S20+'),
	(85, 'Galaxy S20 Ultra'),
	(86, 'Galaxy Note 20'),
	(87, 'Galaxy Note 20 Ultra'),
	(88, 'Galaxy Note 10'),
	(89, 'Galaxy Note 10+'),
	(90, 'Galaxy A52'),
	(91, 'Galaxy A72'),
	(92, 'Galaxy Z Fold 2'),
	(93, 'Galaxy Z Flip'),
	(94, 'Galaxy Fold'),
	(95, 'Galaxy Book Flex'),
	(96, 'Galaxy Book Flex 2'),
	(97, 'Galaxy Book Ion'),
	(98, 'Galaxy Book S'),
	(99, 'Galaxy Chromebook'),
	(100, 'Galaxy Tab S7'),
	(101, 'Galaxy Tab S7+'),
	(102, 'Galaxy Tab S6'),
	(103, 'Galaxy Tab A'),
	(104, 'Samsung T5 Portable SSD'),
	(105, 'Samsung EVO Plus microSD Card'),
	(106, 'Samsung Galaxy Buds'),
	(107, 'Samsung Odyssey G9 Gaming Monitor'),
	(108, 'Samsung Odyssey G7 Gaming Monitor'),
	(109, 'Samsung Gear VR'),
	(110, 'Xperia 1 III'),
	(111, 'Xperia 5 III'),
	(112, 'Xperia 10 III'),
	(113, 'Xperia 1 II'),
	(114, 'Xperia 5 II'),
	(115, 'Xperia 10 II'),
	(116, 'Xperia L4'),
	(117, 'Xperia L3'),
	(118, 'VAIO SX14'),
	(119, 'VAIO Z'),
	(120, 'VAIO S'),
	(121, 'Xperia Tablet Z'),
	(122, 'Xperia Tablet S'),
	(123, 'PlayStation 5'),
	(124, 'DualSense Wireless Controller'),
	(125, 'PlayStation VR'),
	(126, 'PlayStation 4'),
	(127, 'PlayStation Vita'),
	(128, 'PlayStation VR'),
	(129, 'Surface Duo'),
	(130, 'Lumia 950 XL'),
	(131, 'Lumia 950'),
	(132, 'Lumia 640 XL'),
	(133, 'Lumia 640'),
	(134, 'Surface Laptop 4'),
	(135, 'Surface Laptop Go'),
	(136, 'Surface Book 3'),
	(137, 'Surface Pro 7'),
	(138, 'Surface Pro X'),
	(139, 'Surface Go 2'),
	(140, 'Dell XPS 15'),
	(141, 'Dell XPS 13'),
	(142, 'Dell Inspiron 15'),
	(143, 'Dell Inspiron 14'),
	(144, 'Dell Latitude 15'),
	(145, 'Dell Latitude 14'),
	(146, 'Dell Precision 15'),
	(147, 'Dell Precision 17'),
	(148, 'Dell Alienware M15'),
	(149, 'Dell Alienware M17'),
	(150, 'Dell Venue 11 Pro'),
	(151, 'Dell Venue 8 Pro'),
	(152, 'Dell OptiPlex 7070'),
	(153, 'Dell OptiPlex 5060'),
	(154, 'Dell XPS Desktop'),
	(155, 'Dell G5 Gaming Desktop'),
	(156, 'Dell G7 Gaming Laptop'),
	(157, 'Dell Alienware Aurora R12'),
	(158, 'Dell Alienware Area-51m'),
	(159, 'Dell Visor'),
	(160, 'HP Spectre x360'),
	(161, 'HP Envy 15'),
	(162, 'HP Pavilion 14'),
	(163, 'HP EliteBook 840'),
	(164, 'HP ProBook 450'),
	(165, 'HP Omen 15'),
	(166, 'HP Omen 17'),
	(167, 'HP ZBook 15'),
	(168, 'HP ZBook Studio'),
	(169, 'HP Chromebook x360'),
	(170, 'HP Pro Slate 12'),
	(171, 'HP Pro Tablet 608'),
	(172, 'HP Reverb G2 VR Headset'),
	(173, 'Lenovo ThinkPad X1 Carbon'),
	(174, 'Lenovo ThinkPad T-series'),
	(175, 'Lenovo IdeaPad Slim 7'),
	(176, 'Lenovo Legion 5'),
	(177, 'Lenovo Legion Y-series'),
	(178, 'Lenovo Yoga C940'),
	(179, 'Lenovo Yoga 9i'),
	(180, 'Lenovo Tab P11'),
	(181, 'Lenovo Tab M10'),
	(182, 'Lenovo Smart Tab M8'),
	(183, 'Lenovo IdeaCentre AIO'),
	(184, 'Lenovo ThinkCentre M-series'),
	(185, 'Lenovo Legion Tower'),
	(186, 'Lenovo IdeaPad Gaming 3'),
	(187, 'ASUS ROG Phone 5'),
	(188, 'ASUS ZenFone 8'),
	(189, 'ASUS ROG Zephyrus G14'),
	(190, 'ASUS ZenBook Pro Duo'),
	(191, 'ASUS VivoBook S15'),
	(192, 'ASUS TUF Gaming A15'),
	(193, 'ASUS Chromebook Flip C434'),
	(194, 'ASUS Transformer Book'),
	(195, 'ASUS Prime X570-P'),
	(196, 'ASUS ROG Strix GeForce RTX 3080'),
	(197, 'ASUS Dual GeForce GTX 1660'),
	(198, 'ASUS ROG Swift PG279Q'),
	(199, 'ASUS VG278QR'),
	(200, 'ASUS ROG Delta Gaming Headset'),
	(201, 'Acer Predator Triton 500'),
	(202, 'Acer Aspire 5'),
	(203, 'Acer Swift 3'),
	(204, 'Acer Nitro 5'),
	(205, 'Acer Chromebook Spin 713'),
	(206, 'Acer Iconia One 10'),
	(207, 'Acer Predator Helios 300'),
	(208, 'Acer Spin 5'),
	(209, 'Acer ConceptD 7'),
	(210, 'Acer Veriton X'),
	(211, 'Acer Predator Orion 3000'),
	(212, 'Acer Aspire GX'),
	(213, 'Acer Mixed Reality Headset'),
	(214, 'Google Pixel 6 Pro'),
	(215, 'Google Pixelbook Go'),
	(216, 'Google Pixel Slate'),
	(217, 'Google Nest Hub'),
	(218, 'Google Chromecast'),
	(219, 'Google Stadia Controller'),
	(220, 'Google Pixel 6'),
	(221, 'LG V60 ThinQ'),
	(222, 'LG Gram 17'),
	(223, 'LG G Pad 5'),
	(224, 'LG UltraGear Gaming Monitor'),
	(225, 'Nokia 8.3 5G'),
	(226, 'Nokia 5.4'),
	(227, 'Nokia T20 Tablet'),
	(228, 'OnePlus 9 Pro'),
	(229, 'OnePlus Nord N10'),
	(230, 'OnePlus Buds Z'),
	(231, 'Oppo Find X3 Pro'),
	(232, 'Oppo Reno 6 Pro'),
	(233, 'Oppo Enco X'),
	(234, 'Vivo X60 Pro+'),
	(235, 'Vivo Y20s'),
	(236, 'Vivo Tab 11'),
	(237, 'Vivo Gaming Chair'),
	(238, 'Xiaomi Mi 11'),
	(239, 'Xiaomi Mi Notebook Pro'),
	(240, 'Xiaomi Mi Pad 5'),
	(241, 'Realme GT'),
	(242, 'Realme Book'),
	(243, 'ZTE Axon 30'),
	(244, 'Toshiba Portege X30W'),
	(245, 'Panasonic Toughbook 55'),
	(246, 'Sharp Aquos R5G'),
	(247, 'Razer Blade 15'),
	(248, 'Alienware m15 R6'),
	(249, 'MSI GE76 Raider'),
	(250, 'Gigabyte AERO 15'),
	(251, 'Corsair Vengeance i7200'),
	(252, 'EVGA GeForce RTX 3080 Ti'),
	(253, 'Palit GeForce RTX 3070 GamingPro'),
	(254, 'PNY GeForce GTX 1660 Ti'),
	(255, 'Sapphire Radeon RX 6800 XT'),
	(256, 'XFX Radeon RX 5700 XT'),
	(257, 'AMD Ryzen 9 5900X'),
	(258, 'Intel Core i9-11900K'),
	(259, 'NVIDIA GeForce RTX 3090'),
	(260, 'Qualcomm Snapdragon 888'),
	(261, 'Mediatek Dimensity 1200'),
	(262, 'Broadcom BCM2711'),
	(263, 'Texas Instruments TMS320C6678'),
	(264, 'Micron 7300 NVMe SSD'),
	(265, 'Western Digital Black SN850'),
	(266, 'Seagate FireCuda 530'),
	(267, 'Kingston KC2500'),
	(268, 'SanDisk Extreme Portable SSD'),
	(269, 'Crucial MX500'),
	(270, 'HyperX Cloud II'),
	(271, 'Logitech G Pro Wireless'),
	(272, 'SteelSeries Arctis 7'),
	(273, 'Roccat Vulcan 121 AIMO'),
	(274, 'SK Hynix Gold P31');

-- Dumping data for table amazont1.lk.model_has_brand: ~261 rows (approximately)
INSERT INTO `model_has_brand` (`model_id`, `brand_id`, `id`) VALUES
	(1, 1, 1),
	(2, 1, 2),
	(3, 1, 3),
	(4, 1, 4),
	(5, 1, 5),
	(6, 1, 6),
	(7, 1, 7),
	(8, 1, 8),
	(9, 1, 9),
	(10, 1, 10),
	(11, 1, 11),
	(12, 1, 12),
	(13, 1, 13),
	(14, 1, 14),
	(15, 1, 15),
	(16, 1, 16),
	(17, 1, 17),
	(18, 1, 18),
	(19, 1, 19),
	(20, 1, 20),
	(21, 1, 21),
	(22, 1, 22),
	(23, 1, 23),
	(24, 1, 24),
	(25, 1, 25),
	(26, 1, 26),
	(27, 1, 27),
	(28, 1, 28),
	(29, 1, 29),
	(30, 1, 30),
	(31, 1, 31),
	(32, 1, 32),
	(33, 1, 33),
	(34, 1, 34),
	(35, 1, 35),
	(36, 1, 36),
	(37, 1, 37),
	(38, 1, 38),
	(39, 1, 39),
	(40, 1, 40),
	(41, 1, 41),
	(42, 1, 42),
	(43, 1, 43),
	(44, 1, 44),
	(45, 1, 45),
	(46, 1, 46),
	(47, 1, 47),
	(48, 1, 48),
	(49, 1, 49),
	(50, 1, 50),
	(51, 1, 51),
	(52, 1, 52),
	(53, 1, 53),
	(54, 1, 54),
	(55, 1, 55),
	(56, 1, 56),
	(57, 1, 57),
	(58, 1, 58),
	(59, 1, 59),
	(60, 1, 60),
	(61, 1, 61),
	(62, 1, 62),
	(63, 1, 63),
	(64, 1, 64),
	(65, 1, 65),
	(66, 1, 66),
	(67, 1, 67),
	(68, 1, 68),
	(69, 1, 69),
	(70, 1, 70),
	(71, 1, 71),
	(72, 1, 72),
	(73, 1, 73),
	(74, 1, 74),
	(75, 1, 75),
	(76, 1, 76),
	(77, 1, 77),
	(78, 1, 78),
	(79, 1, 79),
	(80, 2, 80),
	(81, 2, 81),
	(82, 2, 82),
	(83, 2, 83),
	(84, 2, 84),
	(85, 2, 85),
	(86, 2, 86),
	(87, 2, 87),
	(88, 2, 88),
	(89, 2, 89),
	(90, 2, 90),
	(91, 2, 91),
	(92, 2, 92),
	(93, 2, 93),
	(94, 2, 94),
	(95, 2, 95),
	(96, 2, 96),
	(97, 2, 97),
	(98, 2, 98),
	(99, 2, 99),
	(100, 2, 100),
	(101, 2, 101),
	(102, 2, 102),
	(103, 2, 103),
	(104, 2, 104),
	(105, 2, 105),
	(106, 2, 106),
	(107, 2, 107),
	(108, 2, 108),
	(109, 2, 109),
	(110, 3, 110),
	(111, 3, 111),
	(112, 3, 112),
	(113, 3, 113),
	(114, 3, 114),
	(115, 3, 115),
	(116, 3, 116),
	(117, 3, 117),
	(118, 3, 118),
	(119, 3, 119),
	(120, 3, 120),
	(121, 3, 121),
	(122, 3, 122),
	(123, 3, 123),
	(124, 3, 124),
	(125, 3, 125),
	(126, 3, 126),
	(127, 3, 127),
	(128, 3, 128),
	(129, 4, 129),
	(130, 4, 130),
	(131, 4, 131),
	(132, 4, 132),
	(133, 4, 133),
	(134, 4, 134),
	(135, 4, 135),
	(136, 4, 136),
	(137, 4, 137),
	(138, 4, 138),
	(139, 4, 139),
	(140, 5, 140),
	(141, 5, 141),
	(142, 5, 142),
	(143, 5, 143),
	(144, 5, 144),
	(145, 5, 145),
	(146, 5, 146),
	(147, 5, 147),
	(148, 5, 148),
	(149, 5, 149),
	(150, 5, 150),
	(151, 5, 151),
	(152, 5, 152),
	(153, 5, 153),
	(154, 5, 154),
	(155, 5, 155),
	(156, 5, 156),
	(157, 5, 157),
	(158, 5, 158),
	(159, 5, 159),
	(160, 6, 160),
	(161, 6, 161),
	(162, 6, 162),
	(163, 6, 163),
	(164, 6, 164),
	(165, 6, 165),
	(166, 6, 166),
	(167, 6, 167),
	(168, 6, 168),
	(169, 6, 169),
	(170, 6, 170),
	(171, 6, 171),
	(172, 6, 172),
	(173, 7, 173),
	(174, 7, 174),
	(175, 7, 175),
	(176, 7, 176),
	(177, 7, 177),
	(178, 7, 178),
	(179, 7, 179),
	(180, 7, 180),
	(181, 7, 181),
	(182, 7, 182),
	(183, 7, 183),
	(184, 7, 184),
	(185, 7, 185),
	(186, 7, 186),
	(187, 8, 187),
	(188, 8, 188),
	(189, 8, 189),
	(190, 8, 190),
	(191, 8, 191),
	(192, 8, 192),
	(193, 8, 193),
	(194, 8, 194),
	(195, 8, 195),
	(196, 8, 196),
	(197, 8, 197),
	(198, 8, 198),
	(199, 8, 199),
	(200, 8, 200),
	(214, 10, 214),
	(215, 10, 215),
	(216, 10, 216),
	(217, 10, 217),
	(218, 10, 218),
	(219, 10, 219),
	(220, 10, 220),
	(221, 11, 221),
	(222, 11, 222),
	(223, 11, 223),
	(224, 11, 224),
	(225, 12, 225),
	(226, 12, 226),
	(227, 12, 227),
	(228, 13, 228),
	(229, 13, 229),
	(230, 13, 230),
	(231, 14, 231),
	(232, 14, 232),
	(233, 14, 233),
	(234, 15, 234),
	(235, 15, 235),
	(236, 15, 236),
	(237, 15, 237),
	(238, 16, 238),
	(239, 16, 239),
	(240, 16, 240),
	(241, 17, 241),
	(242, 17, 242),
	(243, 18, 243),
	(244, 19, 244),
	(245, 20, 245),
	(246, 21, 246),
	(247, 22, 247),
	(248, 23, 248),
	(249, 24, 249),
	(250, 25, 250),
	(251, 26, 251),
	(252, 27, 252),
	(253, 28, 253),
	(254, 29, 254),
	(255, 30, 255),
	(256, 31, 256),
	(257, 32, 257),
	(258, 33, 258),
	(259, 34, 259),
	(260, 35, 260),
	(261, 36, 261),
	(262, 37, 262),
	(263, 38, 263),
	(264, 39, 264),
	(265, 41, 265),
	(266, 42, 266),
	(267, 43, 267),
	(268, 44, 268),
	(269, 45, 269),
	(270, 46, 270),
	(271, 47, 271),
	(272, 48, 272),
	(273, 49, 273),
	(274, 40, 274);

-- Dumping data for table amazont1.lk.products: ~4 rows (approximately)
INSERT INTO `products` (`id`, `product_name`, `price`, `qty`, `delevery_fee_colombo`, `delevery_fee_other`, `brand_id`, `discount_id`, `seller_email`, `adedd_date`, `product_status_id`, `category_id`, `model_id`, `condition_id`, `Description`) VALUES
	(1, 'iPhone 14 Pro Max', 100, 10, 100, 120, 1, 1, 'thehanaruth@gmail.com', '2024-07-07 00:30:23', 4, 1, 37, 1, 'hi'),
	(2, 'iPhone 14 Pro Max', 100, 10, 100, 120, 1, 1, 'thehanaruth@gmail.com', '2024-07-07 00:30:31', 4, 1, 37, 1, 'hi'),
	(3, 'iPhone 14 Pro Max', 100, 10, 100, 120, 1, 1, 'thehanaruth@gmail.com', '2024-07-07 00:34:01', 4, 1, 37, 1, 'hi'),
	(4, 'iPhone 14 Pro Max', 100, 10, 100, 120, 1, 1, 'thehanaruth@gmail.com', '2024-07-07 00:42:11', 4, 1, 37, 1, 'hi');

-- Dumping data for table amazont1.lk.product_status: ~4 rows (approximately)
INSERT INTO `product_status` (`id`, `status`) VALUES
	(1, 'TOP DEALS >'),
	(2, 'Leatest Products >'),
	(3, 'UP TO 50% OFFERS >'),
	(4, 'none');

-- Dumping data for table amazont1.lk.profile_img: ~1 rows (approximately)
INSERT INTO `profile_img` (`path`, `users_email`) VALUES
	('resourcesofwebsiteimg//profile_images//Hacker_668539de09d91.svg', 'thehanaruth@gmail.com');

-- Dumping data for table amazont1.lk.province: ~9 rows (approximately)
INSERT INTO `province` (`id`, `province`) VALUES
	(1, 'Western'),
	(2, 'Central'),
	(3, 'Southern'),
	(4, 'Northern'),
	(5, 'Eastern'),
	(6, 'North Western'),
	(7, 'North Central'),
	(8, 'Uva'),
	(9, 'Sambaragamuwa');

-- Dumping data for table amazont1.lk.recent: ~0 rows (approximately)

-- Dumping data for table amazont1.lk.report: ~0 rows (approximately)

-- Dumping data for table amazont1.lk.reward: ~0 rows (approximately)
INSERT INTO `reward` (`id`, `Reward`) VALUES
	(1, 'none');

-- Dumping data for table amazont1.lk.seller_has_address: ~0 rows (approximately)

-- Dumping data for table amazont1.lk.status: ~2 rows (approximately)
INSERT INTO `status` (`id`, `status`) VALUES
	(1, 'Active'),
	(2, 'Deacive');

-- Dumping data for table amazont1.lk.users: ~1 rows (approximately)
INSERT INTO `users` (`user_name`, `password`, `email`, `phone_no`, `joined_date`, `vft_code`, `gender_id`, `status_id`, `position_id`) VALUES
	('Hacker', '123level6', 'thehanaruth@gmail.com', '0772514827', '2024-06-30', NULL, 1, 1, 2);

-- Dumping data for table amazont1.lk.users_has_adderss: ~0 rows (approximately)

-- Dumping data for table amazont1.lk.users_has_address: ~1 rows (approximately)
INSERT INTO `users_has_address` (`users_email`, `city_id`, `address_id`, `line1`, `line2`, `postal_code`) VALUES
	('thehanaruth@gmail.com', 8, 1, '1/A/11,pasalmawata', 'Bokundara', '10300');

-- Dumping data for table amazont1.lk.users_has_gift_cards: ~1 rows (approximately)
INSERT INTO `users_has_gift_cards` (`users_email`, `gift_cards_id`) VALUES
	('thehanaruth@gmail.com', 1);

-- Dumping data for table amazont1.lk.user_has_reward: ~1 rows (approximately)
INSERT INTO `user_has_reward` (`Reward_id`, `users_email`) VALUES
	(1, 'thehanaruth@gmail.com');

-- Dumping data for table amazont1.lk.user_type: ~2 rows (approximately)
INSERT INTO `user_type` (`id`, `type`) VALUES
	(1, 'user'),
	(2, 'seller');

-- Dumping data for table amazont1.lk.wichlist: ~0 rows (approximately)

/*!40103 SET TIME_ZONE=IFNULL(@OLD_TIME_ZONE, 'system') */;
/*!40101 SET SQL_MODE=IFNULL(@OLD_SQL_MODE, '') */;
/*!40014 SET FOREIGN_KEY_CHECKS=IFNULL(@OLD_FOREIGN_KEY_CHECKS, 1) */;
/*!40101 SET CHARACTER_SET_CLIENT=@OLD_CHARACTER_SET_CLIENT */;
/*!40111 SET SQL_NOTES=IFNULL(@OLD_SQL_NOTES, 1) */;
